id,gender,SeniorCitizen,Partner,Dependents,tenure,PhoneService,MultipleLines,InternetService,OnlineSecurity,OnlineBackup,DeviceProtection,TechSupport,StreamingTV,StreamingMovies,Contract,PaperlessBilling,PaymentMethod,MonthlyCharges,TotalCharges,Churn
0,Female,0,Yes,No,1,No,No phone service,DSL,No,Yes,No,No,No,No,Month-to-month,Yes,Electronic check,29.85,29.85,No
1,Male,0,No,No,34,Yes,No,DSL,Yes,No,Yes,No,No,No,One year,No,Mailed check,56.95,1889.5,No
2,Male,0,No,No,2,Yes,No,DSL,Yes,Yes,No,No,No,No,Month-to-month,Yes,Mailed check,53.85,108.15,Yes
3,Male,0,No,No,45,No,No phone service,DSL,Yes,No,Yes,Yes,No,No,One year,No,Bank transfer (automatic),42.3,1840.75,No
4,Female,0,No,No,2,Yes,No,Fiber optic,No,No,No,No,No,No,Month-to-month,Yes,Electronic check,70.7,151.65,Yes
5,Female,0,No,No,8,Yes,Yes,Fiber optic,No,No,Yes,No,Yes,Yes,Month-to-month,Yes,Electronic check,99.65,820.5,Yes
6,Male,0,No,Yes,22,Yes,Yes,Fiber optic,No,Yes,No,No,Yes,No,Month-to-month,Yes,Credit card (automatic),89.1,1949.4,No
7,Female,0,No,No,10,No,No phone service,DSL,Yes,No,No,No,No,No,Month-to-month,No,Mailed check,29.75,301.9,No
8,Female,0,Yes,No,28,Yes,Yes,Fiber optic,No,No,Yes,Yes,Yes,Yes,Month-to-month,Yes,Electronic check,104.8,3046.05,Yes
9,Male,0,No,Yes,62,Yes,No,DSL,Yes,Yes,No,No,No,No,One year,No,Bank transfer (automatic),56.15,3487.95,No
10,Male,0,Yes,Yes,13,Yes,No,DSL,Yes,No,No,No,No,No,Month-to-month,Yes,Mailed check,49.95,587.45,No
11,Male,0,No,No,16,Yes,No,No,No internet service,No internet service,No internet service,No internet service,No internet service,No internet service,Two year,No,Credit card (automatic),18.95,326.8,No
12,Male,0,Yes,No,58,Yes,Yes,Fiber optic,No,No,Yes,No,Yes,Yes,One year,No,Credit card (automatic),100.35,5681.1,No
13,Male,0,No,No,49,Yes,Yes,Fiber optic,No,Yes,Yes,No,Yes,Yes,Month-to-month,Yes,Bank transfer (automatic),103.7,5036.3,Yes
14,Male,0,No,No,25,Yes,No,Fiber optic,Yes,No,Yes,Yes,Yes,Yes,Month-to-month,Yes,Electronic check,105.5,2686.05,No
15,Female,0,Yes,Yes,69,Yes,Yes,Fiber optic,Yes,Yes,Yes,Yes,Yes,Yes,Two year,No,Credit card (automatic),113.25,7895.15,No
16,Female,0,No,No,52,Yes,No,No,No internet service,No internet service,No internet service,No internet service,No internet service,No internet service,One year,No,Mailed check,20.65,1022.95,No
17,Male,0,No,Yes,71,Yes,Yes,Fiber optic,Yes,No,Yes,No,Yes,Yes,Two year,No,Bank transfer (automatic),106.7,7382.25,No
18,Female,0,Yes,Yes,10,Yes,No,DSL,No,No,Yes,Yes,No,No,Month-to-month,No,Credit card (automatic),55.2,528.35,Yes
19,Female,0,No,No,21,Yes,No,Fiber optic,No,Yes,Yes,No,No,Yes,Month-to-month,Yes,Electronic check,90.05,1862.9,No
20,Male,1,No,No,1,No,No phone service,DSL,No,No,Yes,No,No,Yes,Month-to-month,Yes,Electronic check,39.65,39.65,Yes
21,Male,0,Yes,No,12,Yes,No,No,No internet service,No internet service,No internet service,No internet service,No internet service,No internet service,One year,No,Bank transfer (automatic),19.8,202.25,No
22,Male,0,No,No,1,Yes,No,No,No internet service,No internet service,No internet service,No internet service,No internet service,No internet service,Month-to-month,No,Mailed check,20.15,20.15,Yes
23,Female,0,Yes,No,58,Yes,Yes,DSL,No,Yes,No,Yes,No,No,Two year,Yes,Credit card (automatic),59.9,3505.1,No
24,Male,0,Yes,Yes,49,Yes,No,DSL,Yes,Yes,No,Yes,No,No,Month-to-month,No,Credit card (automatic),59.6,2970.3,No
25,Female,0,No,No,30,Yes,No,DSL,Yes,Yes,No,No,No,No,Month-to-month,Yes,Bank transfer (automatic),55.3,1530.6,No
26,Male,0,Yes,Yes,47,Yes,Yes,Fiber optic,No,Yes,No,No,Yes,Yes,Month-to-month,Yes,Electronic check,99.35,4749.15,Yes
27,Male,0,Yes,Yes,1,No,No phone service,DSL,No,Yes,No,No,No,No,Month-to-month,No,Electronic check,30.2,30.2,Yes
28,Male,0,Yes,No,72,Yes,Yes,DSL,Yes,Yes,Yes,Yes,Yes,Yes,Two year,Yes,Credit card (automatic),90.25,6369.45,No
29,Female,0,No,Yes,17,Yes,No,DSL,No,No,No,No,Yes,Yes,Month-to-month,Yes,Mailed check,64.7,1093.1,Yes
30,Female,1,Yes,No,71,Yes,Yes,Fiber optic,Yes,Yes,Yes,Yes,No,No,Two year,Yes,Credit card (automatic),96.35,6766.95,No
31,Male,1,Yes,No,2,Yes,No,Fiber optic,No,No,Yes,No,Yes,Yes,Month-to-month,Yes,Credit card (automatic),95.5,181.65,No
32,Female,0,Yes,Yes,27,Yes,No,DSL,Yes,Yes,Yes,Yes,No,No,One year,No,Mailed check,66.15,1874.45,No
33,Male,0,No,No,1,Yes,No,No,No internet service,No internet service,No internet service,No internet service,No internet service,No internet service,Month-to-month,No,Bank transfer (automatic),20.2,20.2,No
34,Male,1,No,No,1,Yes,No,DSL,No,No,No,No,No,No,Month-to-month,No,Bank transfer (automatic),45.25,45.25,No
35,Female,0,Yes,Yes,72,Yes,Yes,Fiber optic,Yes,Yes,No,Yes,Yes,No,Two year,No,Bank transfer (automatic),99.9,7251.7,No
36,Male,0,No,No,5,Yes,No,Fiber optic,No,No,No,No,No,No,Month-to-month,Yes,Electronic check,69.7,316.9,Yes
37,Female,0,No,No,46,Yes,No,Fiber optic,No,No,Yes,No,No,No,Month-to-month,Yes,Credit card (automatic),74.8,3548.3,No
38,Male,0,No,No,34,Yes,Yes,Fiber optic,No,Yes,Yes,No,Yes,Yes,Month-to-month,Yes,Electronic check,106.35,3549.25,Yes
39,Female,0,No,No,11,Yes,Yes,Fiber optic,No,No,Yes,No,Yes,Yes,Month-to-month,Yes,Bank transfer (automatic),97.85,1105.4,Yes
40,Male,0,Yes,Yes,10,Yes,No,DSL,No,Yes,No,No,No,No,One year,No,Mailed check,49.55,475.7,No
41,Female,0,Yes,Yes,70,Yes,Yes,DSL,Yes,Yes,No,No,Yes,No,Two year,Yes,Credit card (automatic),69.2,4872.35,No
42,Female,0,Yes,Yes,17,Yes,No,No,No internet service,No internet service,No internet service,No internet service,No internet service,No internet service,One year,No,Mailed check,20.75,418.25,No
43,Female,0,No,No,63,Yes,Yes,DSL,Yes,Yes,Yes,Yes,Yes,No,Two year,Yes,Credit card (automatic),79.85,4861.45,No
44,Female,0,Yes,No,13,Yes,Yes,DSL,Yes,Yes,No,Yes,Yes,No,Month-to-month,Yes,Electronic check,76.2,981.45,No
45,Female,0,No,No,49,Yes,Yes,Fiber optic,No,No,No,No,No,Yes,Month-to-month,Yes,Electronic check,84.5,3906.7,No
46,Male,0,No,No,2,Yes,No,DSL,No,Yes,No,No,No,No,Month-to-month,No,Mailed check,49.25,97,No
47,Female,0,No,No,2,Yes,No,Fiber optic,No,No,No,No,Yes,No,Month-to-month,Yes,Electronic check,80.65,144.15,Yes
48,Male,0,No,No,52,Yes,Yes,DSL,Yes,No,No,Yes,Yes,Yes,Two year,Yes,Credit card (automatic),79.75,4217.8,No
49,Female,0,Yes,Yes,69,Yes,Yes,DSL,Yes,No,Yes,Yes,No,No,Two year,Yes,Credit card (automatic),64.15,4254.1,No
50,Female,1,No,No,43,Yes,Yes,Fiber optic,No,Yes,No,No,Yes,No,Month-to-month,Yes,Electronic check,90.25,3838.75,No
51,Female,0,No,No,15,Yes,No,Fiber optic,Yes,Yes,No,No,Yes,Yes,Month-to-month,Yes,Credit card (automatic),99.1,1426.4,Yes
52,Female,1,Yes,No,25,Yes,Yes,DSL,Yes,No,No,Yes,Yes,No,Month-to-month,Yes,Credit card (automatic),69.5,1752.65,No
53,Female,1,Yes,No,8,Yes,Yes,Fiber optic,No,Yes,No,No,No,No,Month-to-month,Yes,Credit card (automatic),80.65,633.3,Yes
54,Female,1,Yes,Yes,60,Yes,No,DSL,Yes,Yes,Yes,Yes,No,Yes,One year,Yes,Credit card (automatic),74.85,4456.35,No
55,Male,1,No,No,18,Yes,Yes,Fiber optic,No,No,No,No,Yes,Yes,Month-to-month,Yes,Electronic check,95.45,1752.55,Yes
56,Female,0,Yes,Yes,63,Yes,Yes,Fiber optic,Yes,No,No,No,Yes,Yes,One year,Yes,Credit card (automatic),99.65,6311.2,No
57,Male,1,Yes,Yes,66,Yes,Yes,Fiber optic,No,Yes,Yes,Yes,Yes,Yes,One year,Yes,Electronic check,108.45,7076.35,No
58,Female,0,Yes,Yes,34,Yes,Yes,No,No internet service,No internet service,No internet service,No internet service,No internet service,No internet service,Two year,No,Credit card (automatic),24.95,894.3,No
59,Female,0,No,No,72,Yes,Yes,Fiber optic,No,No,Yes,Yes,Yes,Yes,Two year,Yes,Credit card (automatic),107.5,7853.7,No
60,Female,0,Yes,No,47,Yes,Yes,Fiber optic,No,No,Yes,No,Yes,Yes,Month-to-month,Yes,Electronic check,100.5,4707.1,No
61,Male,0,No,No,60,Yes,Yes,Fiber optic,No,Yes,No,No,Yes,No,Month-to-month,Yes,Bank transfer (automatic),89.9,5450.7,No
62,Male,0,Yes,No,72,No,No phone service,DSL,Yes,Yes,Yes,No,No,No,Two year,No,Bank transfer (automatic),42.1,2962,No
63,Female,0,Yes,Yes,18,Yes,No,DSL,No,No,Yes,Yes,No,No,One year,Yes,Credit card (automatic),54.4,957.1,No
64,Female,0,No,No,9,Yes,Yes,Fiber optic,No,No,No,No,Yes,Yes,Month-to-month,No,Electronic check,94.4,857.25,Yes
65,Female,0,No,No,3,Yes,No,DSL,No,Yes,No,Yes,Yes,Yes,Month-to-month,Yes,Electronic check,75.3,244.1,No
66,Male,0,Yes,No,47,Yes,Yes,Fiber optic,No,Yes,No,No,No,No,One year,Yes,Electronic check,78.9,3650.35,No
67,Female,0,No,No,31,Yes,No,DSL,No,Yes,Yes,Yes,Yes,Yes,Two year,No,Mailed check,79.2,2497.2,No
68,Female,0,Yes,Yes,50,Yes,No,No,No internet service,No internet service,No internet service,No internet service,No internet service,No internet service,Two year,No,Bank transfer (automatic),20.15,930.9,No
69,Male,0,No,No,10,Yes,No,Fiber optic,Yes,No,Yes,No,No,No,Month-to-month,Yes,Mailed check,79.85,887.35,No
70,Male,0,No,No,1,Yes,No,DSL,No,No,No,Yes,No,No,Month-to-month,No,Mailed check,49.05,49.05,No
71,Female,0,Yes,Yes,52,Yes,No,No,No internet service,No internet service,No internet service,No internet service,No internet service,No internet service,One year,Yes,Electronic check,20.4,1090.65,No
72,Male,1,Yes,Yes,64,Yes,Yes,Fiber optic,Yes,No,Yes,Yes,Yes,Yes,Two year,Yes,Bank transfer (automatic),111.6,7099,No
73,Male,0,Yes,Yes,62,Yes,Yes,No,No internet service,No internet service,No internet service,No internet service,No internet service,No internet service,Two year,Yes,Bank transfer (automatic),24.25,1424.6,No
74,Female,0,No,Yes,3,Yes,No,DSL,Yes,No,No,Yes,No,Yes,Month-to-month,Yes,Bank transfer (automatic),64.5,177.4,No
75,Female,1,No,No,56,Yes,Yes,Fiber optic,Yes,Yes,Yes,No,Yes,Yes,One year,No,Electronic check,110.5,6139.5,No
76,Female,0,No,No,46,Yes,No,DSL,No,No,No,No,No,Yes,One year,No,Credit card (automatic),55.65,2688.85,No
77,Female,0,Yes,Yes,8,Yes,No,DSL,Yes,Yes,No,No,No,No,Month-to-month,No,Mailed check,54.65,482.25,No
78,Male,1,No,No,30,Yes,No,DSL,Yes,Yes,No,No,Yes,Yes,Month-to-month,Yes,Electronic check,74.75,2111.3,No
79,Female,0,Yes,Yes,45,Yes,Yes,No,No internet service,No internet service,No internet service,No internet service,No internet service,No internet service,One year,Yes,Credit card (automatic),25.9,1216.6,No
80,Female,0,No,Yes,1,Yes,No,Fiber optic,No,No,No,No,Yes,No,Month-to-month,Yes,Electronic check,79.35,79.35,Yes
81,Female,0,Yes,Yes,11,No,No phone service,DSL,Yes,No,No,No,Yes,Yes,Month-to-month,No,Electronic check,50.55,565.35,No
82,Female,0,Yes,No,7,Yes,No,Fiber optic,No,No,Yes,No,No,No,Month-to-month,Yes,Bank transfer (automatic),75.15,496.9,Yes
83,Female,0,No,No,42,Yes,No,Fiber optic,No,Yes,Yes,Yes,Yes,Yes,Month-to-month,Yes,Bank transfer (automatic),103.8,4327.5,No
84,Female,0,Yes,No,49,Yes,No,No,No internet service,No internet service,No internet service,No internet service,No internet service,No internet service,Two year,Yes,Bank transfer (automatic),20.15,973.35,No
85,Male,0,No,No,9,Yes,Yes,Fiber optic,No,Yes,No,No,Yes,Yes,Month-to-month,Yes,Credit card (automatic),99.3,918.75,No
86,Female,0,Yes,No,35,Yes,No,DSL,Yes,No,No,No,Yes,No,One year,Yes,Bank transfer (automatic),62.15,2215.45,No
87,Female,0,Yes,Yes,48,Yes,No,No,No internet service,No internet service,No internet service,No internet service,No internet service,No internet service,Two year,No,Bank transfer (automatic),20.65,1057,No
88,Female,0,Yes,Yes,46,Yes,No,No,No internet service,No internet service,No internet service,No internet service,No internet service,No internet service,Two year,Yes,Mailed check,19.95,927.1,No
89,Male,0,Yes,No,29,No,No phone service,DSL,No,No,No,No,Yes,No,Month-to-month,No,Mailed check,33.75,1009.25,No
90,Male,0,Yes,Yes,30,Yes,No,Fiber optic,No,Yes,Yes,No,No,No,Month-to-month,No,Bank transfer (automatic),82.05,2570.2,No
91,Male,1,No,No,1,Yes,No,Fiber optic,No,No,No,Yes,No,No,Month-to-month,No,Electronic check,74.7,74.7,No
92,Male,0,Yes,Yes,66,Yes,Yes,DSL,Yes,No,Yes,Yes,Yes,Yes,Two year,Yes,Mailed check,84.0,5714.25,No
93,Female,0,No,No,65,Yes,Yes,Fiber optic,Yes,Yes,Yes,No,Yes,Yes,Month-to-month,Yes,Credit card (automatic),111.05,7107,No
94,Male,0,No,No,72,Yes,Yes,Fiber optic,No,Yes,Yes,No,Yes,Yes,Two year,Yes,Bank transfer (automatic),100.9,7459.05,No
95,Female,0,No,No,12,Yes,Yes,Fiber optic,Yes,No,No,No,No,No,Month-to-month,Yes,Electronic check,78.95,927.35,Yes
96,Male,0,Yes,Yes,71,Yes,Yes,DSL,Yes,Yes,No,Yes,No,No,One year,Yes,Credit card (automatic),66.85,4748.7,No
97,Male,0,No,No,5,Yes,No,No,No internet service,No internet service,No internet service,No internet service,No internet service,No internet service,Month-to-month,No,Mailed check,21.05,113.85,Yes
98,Male,0,No,No,52,Yes,No,No,No internet service,No internet service,No internet service,No internet service,No internet service,No internet service,Two year,No,Bank transfer (automatic),21.0,1107.2,No
99,Female,1,Yes,No,25,Yes,No,Fiber optic,No,Yes,Yes,No,Yes,Yes,Month-to-month,Yes,Electronic check,98.5,2514.5,Yes
100,Male,0,No,No,1,Yes,No,No,No internet service,No internet service,No internet service,No internet service,No internet service,No internet service,Month-to-month,No,Mailed check,20.2,20.2,No
101,Female,0,Yes,Yes,1,Yes,No,No,No internet service,No internet service,No internet service,No internet service,No internet service,No internet service,Month-to-month,No,Electronic check,19.45,19.45,No
102,Male,0,No,No,38,Yes,Yes,Fiber optic,No,No,Yes,Yes,Yes,No,One year,No,Bank transfer (automatic),95.0,3605.6,No
103,Female,1,Yes,No,66,No,No phone service,DSL,No,Yes,Yes,No,Yes,No,One year,No,Bank transfer (automatic),45.55,3027.25,No
104,Male,0,Yes,No,68,Yes,Yes,Fiber optic,No,Yes,Yes,Yes,Yes,Yes,Two year,Yes,Bank transfer (automatic),110.0,7611.85,Yes
105,Male,0,No,No,5,No,No phone service,DSL,No,No,No,No,No,No,Month-to-month,No,Mailed check,24.3,100.2,No
106,Female,0,Yes,Yes,72,Yes,Yes,Fiber optic,Yes,Yes,No,No,Yes,Yes,One year,Yes,Electronic check,104.15,7303.05,No
107,Female,0,No,No,32,No,No phone service,DSL,Yes,No,No,No,No,No,One year,No,Mailed check,30.15,927.65,No
108,Male,0,No,No,43,Yes,Yes,Fiber optic,No,No,No,No,Yes,Yes,One year,No,Mailed check,94.35,3921.3,No
109,Male,0,Yes,Yes,72,Yes,No,No,No internet service,No internet service,No internet service,No internet service,No internet service,No internet service,Two year,No,Credit card (automatic),19.4,1363.25,No
110,Male,0,Yes,No,55,Yes,Yes,Fiber optic,Yes,Yes,No,No,Yes,No,Month-to-month,Yes,Electronic check,96.75,5238.9,Yes
111,Female,0,No,No,52,Yes,No,DSL,Yes,No,Yes,Yes,No,No,One year,No,Credit card (automatic),57.95,3042.25,No
112,Female,0,No,No,43,Yes,No,Fiber optic,No,Yes,Yes,No,Yes,No,Month-to-month,Yes,Electronic check,91.65,3954.1,No
113,Female,1,Yes,No,37,Yes,Yes,Fiber optic,No,No,No,No,No,No,Month-to-month,Yes,Electronic check,76.5,2868.15,Yes
114,Female,0,Yes,Yes,64,No,No phone service,DSL,No,Yes,No,Yes,Yes,Yes,Two year,Yes,Electronic check,54.6,3423.5,No
115,Male,0,Yes,Yes,3,Yes,No,Fiber optic,Yes,Yes,No,No,Yes,No,Month-to-month,No,Electronic check,89.85,248.4,No
116,Female,0,No,No,36,No,No phone service,DSL,Yes,No,No,No,No,No,Two year,No,Bank transfer (automatic),31.05,1126.35,No
117,Female,0,Yes,Yes,10,Yes,Yes,Fiber optic,Yes,No,No,No,Yes,Yes,Month-to-month,Yes,Electronic check,100.25,1064.65,Yes
118,Female,0,No,No,41,Yes,No,No,No internet service,No internet service,No internet service,No internet service,No internet service,No internet service,Two year,No,Mailed check,20.65,835.15,No
119,Male,0,Yes,Yes,27,Yes,Yes,Fiber optic,No,Yes,No,Yes,No,No,Month-to-month,Yes,Credit card (automatic),85.2,2151.6,No
120,Female,0,Yes,Yes,56,Yes,Yes,Fiber optic,No,No,Yes,No,Yes,Yes,One year,Yes,Credit card (automatic),99.8,5515.45,No
121,Female,0,No,No,6,Yes,No,No,No internet service,No internet service,No internet service,No internet service,No internet service,No internet service,Month-to-month,No,Mailed check,20.7,112.75,No
122,Male,0,No,No,3,Yes,Yes,Fiber optic,No,No,No,No,No,No,Month-to-month,Yes,Electronic check,74.4,229.55,Yes
123,Female,0,Yes,Yes,7,Yes,No,DSL,Yes,No,No,No,No,No,Month-to-month,No,Mailed check,50.7,350.35,No
124,Female,0,Yes,Yes,4,Yes,No,No,No internet service,No internet service,No internet service,No internet service,No internet service,No internet service,Month-to-month,No,Mailed check,20.85,62.9,No
125,Male,0,No,No,33,Yes,No,Fiber optic,Yes,No,No,Yes,Yes,No,Two year,Yes,Electronic check,88.95,3027.65,No
126,Female,1,No,No,27,Yes,Yes,Fiber optic,No,No,Yes,No,No,No,Month-to-month,Yes,Electronic check,78.05,2135.5,Yes
127,Male,0,Yes,No,72,Yes,Yes,No,No internet service,No internet service,No internet service,No internet service,No internet service,No internet service,Two year,Yes,Bank transfer (automatic),23.55,1723.95,No
128,Male,0,No,No,1,Yes,No,No,No internet service,No internet service,No internet service,No internet service,No internet service,No internet service,Month-to-month,No,Mailed check,19.75,19.75,No
129,Male,1,No,No,71,No,No phone service,DSL,Yes,Yes,No,No,Yes,Yes,One year,Yes,Electronic check,56.45,3985.35,No
130,Female,0,No,No,13,Yes,Yes,Fiber optic,No,No,No,No,No,Yes,Month-to-month,Yes,Electronic check,85.95,1215.65,No
131,Female,0,Yes,Yes,25,No,No phone service,DSL,Yes,Yes,Yes,No,Yes,Yes,Month-to-month,Yes,Credit card (automatic),58.6,1502.65,Yes
132,Male,0,No,No,67,Yes,No,DSL,No,No,No,Yes,No,No,Two year,No,Bank transfer (automatic),50.55,3260.1,No
133,Male,0,No,No,1,No,No phone service,DSL,No,No,No,No,No,Yes,Month-to-month,Yes,Electronic check,35.45,35.45,Yes
134,Male,0,No,No,2,Yes,No,DSL,No,No,No,No,No,No,Month-to-month,No,Electronic check,44.35,81.25,Yes
135,Female,0,No,No,43,Yes,Yes,No,No internet service,No internet service,No internet service,No internet service,No internet service,No internet service,Two year,Yes,Credit card (automatic),25.7,1188.2,No
136,Female,0,No,No,23,Yes,No,Fiber optic,Yes,No,No,No,No,No,Month-to-month,Yes,Bank transfer (automatic),75.0,1778.5,No
137,Female,0,Yes,Yes,64,Yes,No,No,No internet service,No internet service,No internet service,No internet service,No internet service,No internet service,Two year,No,Mailed check,20.2,1277.75,No
138,Male,0,No,Yes,57,Yes,No,No,No internet service,No internet service,No internet service,No internet service,No internet service,No internet service,Two year,Yes,Mailed check,19.6,1170.55,No
139,Female,1,Yes,No,1,Yes,No,Fiber optic,No,No,No,No,No,No,Month-to-month,Yes,Mailed check,70.45,70.45,Yes
140,Female,1,Yes,Yes,72,Yes,Yes,DSL,Yes,Yes,Yes,Yes,Yes,Yes,Two year,Yes,Credit card (automatic),88.05,6425.65,No
141,Female,0,No,No,8,Yes,Yes,DSL,Yes,No,No,Yes,No,Yes,Month-to-month,No,Electronic check,71.15,563.65,Yes
142,Female,0,Yes,No,61,Yes,Yes,Fiber optic,No,Yes,No,No,Yes,Yes,Two year,Yes,Bank transfer (automatic),101.05,5971.25,No
143,Male,0,No,No,64,Yes,Yes,Fiber optic,Yes,Yes,No,No,No,No,One year,Yes,Credit card (automatic),84.3,5289.05,No
144,Male,1,Yes,No,71,Yes,Yes,No,No internet service,No internet service,No internet service,No internet service,No internet service,No internet service,Two year,No,Bank transfer (automatic),23.95,1756.2,No
145,Female,0,Yes,Yes,65,Yes,Yes,Fiber optic,Yes,Yes,No,Yes,Yes,No,Two year,Yes,Credit card (automatic),99.05,6416.7,No
146,Male,0,No,No,3,Yes,No,No,No internet service,No internet service,No internet service,No internet service,No internet service,No internet service,One year,No,Mailed check,19.6,61.35,No
147,Male,0,No,No,1,Yes,No,DSL,No,No,No,No,No,No,Month-to-month,Yes,Electronic check,45.65,45.65,Yes
148,Male,0,No,Yes,30,Yes,No,DSL,No,Yes,Yes,No,Yes,No,One year,No,Credit card (automatic),64.5,1929.95,No
149,Male,0,Yes,Yes,15,Yes,No,DSL,No,Yes,Yes,Yes,No,Yes,Month-to-month,Yes,Mailed check,69.5,1071.4,No
150,Female,0,Yes,Yes,8,Yes,No,DSL,No,No,No,Yes,Yes,Yes,Month-to-month,Yes,Electronic check,68.55,564.35,No
151,Male,0,No,No,7,Yes,Yes,Fiber optic,No,No,No,No,Yes,Yes,Month-to-month,No,Mailed check,95.0,655.5,Yes
152,Female,0,Yes,Yes,70,Yes,Yes,Fiber optic,Yes,Yes,Yes,No,Yes,Yes,One year,Yes,Credit card (automatic),108.15,7930.55,No
153,Male,0,Yes,Yes,62,Yes,No,DSL,Yes,Yes,Yes,Yes,Yes,Yes,Two year,No,Electronic check,86.1,5215.25,No
154,Female,0,Yes,Yes,6,Yes,No,No,No internet service,No internet service,No internet service,No internet service,No internet service,No internet service,Month-to-month,No,Mailed check,19.7,113.5,No
155,Female,0,Yes,Yes,14,Yes,No,Fiber optic,No,No,No,No,No,Yes,Month-to-month,Yes,Bank transfer (automatic),80.9,1152.8,No
156,Female,0,No,No,22,Yes,Yes,Fiber optic,No,No,No,No,Yes,No,Month-to-month,Yes,Bank transfer (automatic),84.15,1821.95,No
157,Male,0,Yes,Yes,22,Yes,No,No,No internet service,No internet service,No internet service,No internet service,No internet service,No internet service,One year,No,Mailed check,20.15,419.9,No
158,Male,0,Yes,Yes,16,Yes,No,DSL,Yes,No,Yes,No,Yes,No,Two year,No,Mailed check,64.25,1024,No
159,Male,0,No,No,10,Yes,Yes,No,No internet service,No internet service,No internet service,No internet service,No internet service,No internet service,Two year,No,Bank transfer (automatic),25.7,251.6,No
160,Female,0,No,Yes,13,Yes,No,DSL,Yes,Yes,No,No,No,No,Month-to-month,Yes,Electronic check,56.0,764.55,No
161,Female,0,Yes,No,20,Yes,Yes,Fiber optic,Yes,No,No,No,No,No,Month-to-month,No,Electronic check,82.4,1592.35,Yes
162,Female,0,No,No,2,Yes,No,Fiber optic,No,No,No,No,No,No,Month-to-month,Yes,Electronic check,69.7,135.2,No
163,Male,0,No,No,53,Yes,Yes,DSL,No,Yes,Yes,Yes,No,Yes,Two year,Yes,Bank transfer (automatic),73.9,3958.25,No
164,Female,0,Yes,Yes,11,Yes,No,No,No internet service,No internet service,No internet service,No internet service,No internet service,No internet service,One year,No,Mailed check,20.6,233.9,No
165,Male,0,Yes,No,69,Yes,No,No,No internet service,No internet service,No internet service,No internet service,No internet service,No internet service,Two year,No,Mailed check,19.9,1363.45,No
166,Female,0,No,No,4,Yes,No,Fiber optic,No,No,No,No,No,No,Month-to-month,Yes,Bank transfer (automatic),70.9,273,Yes
167,Male,0,Yes,No,72,Yes,Yes,DSL,Yes,Yes,Yes,Yes,Yes,Yes,Two year,Yes,Bank transfer (automatic),89.05,6254.45,No
168,Male,1,Yes,No,58,No,No phone service,DSL,No,Yes,Yes,No,No,Yes,Month-to-month,Yes,Electronic check,45.3,2651.2,Yes
169,Female,0,Yes,Yes,16,Yes,No,No,No internet service,No internet service,No internet service,No internet service,No internet service,No internet service,Month-to-month,No,Electronic check,20.4,321.4,No
170,Male,0,Yes,No,43,Yes,No,Fiber optic,Yes,No,Yes,Yes,No,No,One year,Yes,Bank transfer (automatic),84.25,3539.25,No
171,Female,0,Yes,No,2,Yes,Yes,Fiber optic,No,No,Yes,Yes,Yes,Yes,Month-to-month,Yes,Electronic check,104.4,242.8,Yes
172,Male,0,Yes,No,14,Yes,No,DSL,No,Yes,Yes,Yes,Yes,Yes,Two year,No,Mailed check,81.95,1181.75,No
173,Female,0,Yes,No,53,Yes,No,Fiber optic,No,No,Yes,No,Yes,Yes,One year,Yes,Bank transfer (automatic),94.85,5000.2,Yes
174,Female,0,No,No,32,Yes,No,No,No internet service,No internet service,No internet service,No internet service,No internet service,No internet service,One year,No,Bank transfer (automatic),20.55,654.55,No
175,Female,0,Yes,No,34,Yes,Yes,No,No internet service,No internet service,No internet service,No internet service,No internet service,No internet service,Month-to-month,No,Electronic check,24.7,780.2,No
176,Female,1,No,No,15,Yes,Yes,Fiber optic,No,No,No,No,No,No,Month-to-month,Yes,Mailed check,74.45,1145.7,Yes
177,Female,1,No,No,7,Yes,No,Fiber optic,Yes,No,No,No,No,No,Month-to-month,No,Bank transfer (automatic),76.45,503.6,Yes
178,Female,0,Yes,Yes,15,Yes,Yes,Fiber optic,No,Yes,Yes,No,Yes,Yes,Month-to-month,Yes,Bank transfer (automatic),105.35,1559.25,No
179,Male,0,Yes,No,61,Yes,No,No,No internet service,No internet service,No internet service,No internet service,No internet service,No internet service,One year,Yes,Credit card (automatic),20.55,1252,No
180,Female,0,No,No,1,No,No phone service,DSL,No,Yes,No,No,No,No,Month-to-month,No,Bank transfer (automatic),29.95,29.95,Yes
181,Female,0,No,No,1,Yes,No,DSL,No,No,No,No,No,No,Month-to-month,No,Mailed check,45.3,45.3,No
182,Male,0,No,No,8,Yes,Yes,Fiber optic,No,No,No,No,No,Yes,Month-to-month,No,Bank transfer (automatic),84.5,662.65,Yes
183,Male,0,Yes,Yes,33,Yes,No,DSL,Yes,No,Yes,No,Yes,Yes,One year,No,Credit card (automatic),74.75,2453.3,No
184,Female,0,No,No,13,Yes,No,Fiber optic,No,Yes,Yes,No,No,No,Month-to-month,Yes,Electronic check,79.25,1111.65,Yes
185,Female,0,Yes,No,1,No,No phone service,DSL,No,No,No,No,No,No,Month-to-month,Yes,Electronic check,24.8,24.8,Yes
186,Male,0,No,No,20,Yes,No,DSL,No,Yes,No,No,No,No,Month-to-month,Yes,Mailed check,51.8,1023.85,No
187,Male,0,No,No,3,No,No phone service,DSL,No,No,No,Yes,No,No,Month-to-month,No,Electronic check,30.4,82.15,No
188,Female,0,No,No,13,Yes,No,No,No internet service,No internet service,No internet service,No internet service,No internet service,No internet service,One year,No,Electronic check,19.65,244.8,No
189,Female,0,Yes,No,40,Yes,Yes,DSL,No,Yes,No,No,No,No,Month-to-month,No,Credit card (automatic),56.6,2379.1,No
190,Male,0,Yes,Yes,43,Yes,Yes,DSL,Yes,No,No,Yes,No,Yes,One year,Yes,Credit card (automatic),71.9,3173.35,No
191,Male,0,Yes,No,6,Yes,No,Fiber optic,No,Yes,Yes,No,No,Yes,Month-to-month,Yes,Electronic check,91.0,531,Yes
192,Female,0,Yes,Yes,69,Yes,No,No,No internet service,No internet service,No internet service,No internet service,No internet service,No internet service,Two year,No,Bank transfer (automatic),19.75,1375.4,No
193,Female,0,Yes,Yes,72,Yes,Yes,Fiber optic,Yes,Yes,Yes,No,Yes,Yes,Two year,No,Credit card (automatic),109.7,8129.3,No
194,Male,0,Yes,Yes,59,Yes,No,No,No internet service,No internet service,No internet service,No internet service,No internet service,No internet service,Two year,No,Credit card (automatic),19.3,1192.7,No
195,Female,0,Yes,No,20,Yes,No,Fiber optic,Yes,Yes,No,Yes,Yes,No,Month-to-month,Yes,Electronic check,96.55,1901.65,No
196,Male,0,Yes,Yes,24,Yes,Yes,No,No internet service,No internet service,No internet service,No internet service,No internet service,No internet service,Two year,Yes,Bank transfer (automatic),24.1,587.4,No
197,Male,0,No,No,59,Yes,Yes,Fiber optic,No,Yes,Yes,Yes,Yes,Yes,Month-to-month,Yes,Electronic check,111.35,6519.75,No
198,Male,0,Yes,Yes,72,Yes,Yes,Fiber optic,No,Yes,Yes,Yes,Yes,Yes,Two year,Yes,Bank transfer (automatic),112.25,8041.65,No
199,Male,0,No,Yes,1,Yes,No,No,No internet service,No internet service,No internet service,No internet service,No internet service,No internet service,Month-to-month,No,Mailed check,20.75,20.75,No
200,Female,0,Yes,No,27,Yes,No,Fiber optic,Yes,No,No,Yes,Yes,Yes,One year,Yes,Credit card (automatic),101.9,2681.15,No
201,Female,0,No,No,14,Yes,No,Fiber optic,No,Yes,No,Yes,No,No,Month-to-month,Yes,Credit card (automatic),80.05,1112.3,No
202,Male,0,Yes,Yes,71,Yes,Yes,Fiber optic,Yes,No,Yes,No,Yes,Yes,Two year,No,Electronic check,105.55,7405.5,No
203,Male,0,No,Yes,13,Yes,No,Fiber optic,No,No,No,No,Yes,No,Month-to-month,Yes,Credit card (automatic),78.3,1033.95,No
204,Male,0,No,No,44,Yes,No,Fiber optic,No,No,No,No,No,No,Month-to-month,No,Credit card (automatic),68.85,2958.95,No
205,Female,0,No,No,33,Yes,No,Fiber optic,No,Yes,No,Yes,No,No,One year,Yes,Bank transfer (automatic),79.95,2684.85,No
206,Male,0,Yes,Yes,72,No,No phone service,DSL,Yes,Yes,Yes,Yes,No,Yes,Two year,Yes,Credit card (automatic),55.45,4179.2,No
207,Male,0,No,No,1,Yes,No,Fiber optic,No,No,No,No,No,Yes,Month-to-month,No,Electronic check,79.9,79.9,Yes
208,Female,0,No,No,19,Yes,No,Fiber optic,Yes,No,Yes,Yes,Yes,Yes,Month-to-month,Yes,Electronic check,106.6,1934.45,Yes
209,Male,0,Yes,No,64,Yes,No,Fiber optic,No,Yes,Yes,Yes,Yes,Yes,One year,Yes,Credit card (automatic),102.45,6654.1,No
210,Male,0,No,No,2,Yes,No,DSL,No,No,No,No,No,No,Month-to-month,Yes,Credit card (automatic),46.0,84.5,Yes
211,Female,0,No,No,1,No,No phone service,DSL,No,No,No,No,No,No,Month-to-month,No,Electronic check,25.25,25.25,No
212,Male,0,No,Yes,61,Yes,No,No,No internet service,No internet service,No internet service,No internet service,No internet service,No internet service,Two year,No,Mailed check,19.75,1124.2,No
213,Female,0,Yes,Yes,29,Yes,No,No,No internet service,No internet service,No internet service,No internet service,No internet service,No internet service,One year,No,Electronic check,20.0,540.05,No
214,Male,1,Yes,No,23,Yes,Yes,Fiber optic,No,No,No,No,No,Yes,Month-to-month,No,Electronic check,86.8,1975.85,No
215,Female,0,Yes,No,57,No,No phone service,DSL,Yes,Yes,Yes,No,Yes,Yes,Month-to-month,Yes,Bank transfer (automatic),58.75,3437.45,No
216,Male,0,Yes,Yes,72,No,No phone service,DSL,Yes,Yes,Yes,Yes,No,No,Two year,No,Credit card (automatic),45.25,3139.8,No
217,Male,0,Yes,No,66,No,No phone service,DSL,Yes,Yes,Yes,Yes,Yes,No,Two year,Yes,Bank transfer (automatic),56.6,3789.2,No
218,Male,0,Yes,Yes,65,Yes,Yes,DSL,No,Yes,Yes,Yes,Yes,Yes,Two year,Yes,Bank transfer (automatic),84.2,5324.5,No
219,Female,0,No,No,8,Yes,No,Fiber optic,No,No,No,No,Yes,No,Month-to-month,Yes,Bank transfer (automatic),80.0,624.6,No
220,Female,0,No,No,4,Yes,No,Fiber optic,No,No,No,No,No,No,Month-to-month,Yes,Electronic check,70.15,268.35,Yes
221,Female,0,Yes,No,71,Yes,Yes,No,No internet service,No internet service,No internet service,No internet service,No internet service,No internet service,Two year,No,Bank transfer (automatic),24.75,1836.9,No
222,Male,0,Yes,Yes,1,Yes,No,No,No internet service,No internet service,No internet service,No internet service,No internet service,No internet service,One year,Yes,Electronic check,20.2,20.2,No
223,Male,0,Yes,No,4,Yes,No,DSL,No,No,No,Yes,No,No,Month-to-month,No,Mailed check,50.05,179.35,Yes
224,Female,0,No,No,12,Yes,No,No,No internet service,No internet service,No internet service,No internet service,No internet service,No internet service,One year,Yes,Bank transfer (automatic),19.35,219.35,No
225,Male,0,No,No,24,No,No phone service,DSL,Yes,No,No,No,Yes,Yes,One year,Yes,Mailed check,50.6,1288.75,No
226,Female,0,Yes,Yes,31,Yes,No,DSL,Yes,No,Yes,Yes,Yes,Yes,One year,Yes,Mailed check,81.15,2545.75,No
227,Female,0,Yes,No,1,Yes,No,DSL,No,No,No,No,Yes,No,Month-to-month,No,Mailed check,55.2,55.2,Yes
228,Male,0,No,No,30,Yes,Yes,Fiber optic,No,No,No,Yes,No,Yes,Month-to-month,Yes,Credit card (automatic),89.9,2723.15,No
229,Female,0,Yes,Yes,47,Yes,Yes,DSL,Yes,Yes,No,Yes,Yes,Yes,Two year,Yes,Credit card (automatic),85.3,4107.25,No
230,Male,0,No,No,54,Yes,Yes,Fiber optic,Yes,Yes,No,Yes,Yes,Yes,Two year,Yes,Credit card (automatic),108.0,5760.65,No
231,Male,0,No,No,50,Yes,No,Fiber optic,Yes,Yes,No,Yes,No,Yes,Month-to-month,Yes,Credit card (automatic),93.5,4747.5,No
232,Male,0,No,No,1,Yes,No,Fiber optic,Yes,No,No,No,No,Yes,Month-to-month,Yes,Mailed check,84.6,84.6,Yes
233,Female,0,No,No,72,Yes,No,No,No internet service,No internet service,No internet service,No internet service,No internet service,No internet service,Two year,No,Credit card (automatic),20.25,1566.9,No
234,Female,0,No,No,29,Yes,Yes,No,No internet service,No internet service,No internet service,No internet service,No internet service,No internet service,Month-to-month,No,Electronic check,25.15,702,No
235,Male,0,No,No,2,Yes,Yes,DSL,No,Yes,No,No,No,No,Month-to-month,Yes,Mailed check,54.4,114.1,Yes
236,Female,0,No,No,10,No,No phone service,DSL,No,No,No,Yes,No,No,Two year,Yes,Mailed check,29.6,299.05,No
237,Male,0,Yes,No,18,Yes,Yes,Fiber optic,No,No,No,No,No,No,Month-to-month,Yes,Electronic check,73.15,1305.95,No
238,Female,1,No,No,11,Yes,No,Fiber optic,No,Yes,No,No,Yes,Yes,Month-to-month,Yes,Electronic check,95.0,1120.3,Yes
239,Male,0,No,No,16,Yes,No,No,No internet service,No internet service,No internet service,No internet service,No internet service,No internet service,Two year,No,Mailed check,19.75,284.35,No
240,Female,0,No,No,72,Yes,Yes,DSL,No,Yes,Yes,Yes,Yes,Yes,Two year,No,Bank transfer (automatic),86.6,6350.5,No
241,Male,0,No,No,72,Yes,Yes,Fiber optic,No,Yes,Yes,Yes,Yes,Yes,Two year,No,Bank transfer (automatic),109.2,7878.3,No
242,Female,0,Yes,Yes,41,Yes,No,DSL,Yes,No,No,Yes,Yes,Yes,One year,Yes,Credit card (automatic),74.7,3187.65,No
243,Female,1,Yes,No,65,Yes,No,Fiber optic,Yes,Yes,Yes,No,No,Yes,Month-to-month,No,Electronic check,94.4,6126.15,No
244,Female,1,No,No,13,Yes,No,DSL,No,Yes,Yes,No,No,No,Month-to-month,Yes,Electronic check,54.8,731.3,No
245,Male,1,No,No,4,Yes,No,Fiber optic,Yes,No,No,No,No,No,Month-to-month,No,Electronic check,75.35,273.4,No
246,Male,0,No,No,41,Yes,Yes,DSL,No,No,Yes,No,No,Yes,One year,No,Mailed check,65.0,2531.8,No
247,Male,1,No,No,15,Yes,No,Fiber optic,No,Yes,No,No,No,No,Month-to-month,Yes,Electronic check,74.4,1074.3,Yes
248,Male,0,No,No,1,Yes,No,DSL,Yes,No,No,No,No,No,Month-to-month,Yes,Mailed check,48.55,48.55,Yes
249,Male,0,No,No,42,Yes,Yes,Fiber optic,Yes,Yes,Yes,No,No,Yes,One year,Yes,Electronic check,99.0,4298.45,No
250,Female,0,Yes,No,51,Yes,No,Fiber optic,Yes,Yes,Yes,No,Yes,No,One year,Yes,Electronic check,93.5,4619.55,No
251,Female,0,Yes,Yes,2,Yes,No,Fiber optic,No,No,No,No,No,No,Month-to-month,No,Electronic check,70.4,147.15,Yes
252,Male,1,Yes,No,1,No,No phone service,DSL,No,Yes,No,No,Yes,No,Month-to-month,No,Electronic check,40.2,40.2,Yes
253,Male,0,No,Yes,32,Yes,Yes,DSL,No,Yes,Yes,Yes,Yes,Yes,One year,No,Credit card (automatic),83.7,2633.3,No
254,Male,0,No,No,10,Yes,No,No,No internet service,No internet service,No internet service,No internet service,No internet service,No internet service,Month-to-month,Yes,Mailed check,19.85,193.05,No
255,Female,0,Yes,Yes,67,No,No phone service,DSL,No,Yes,Yes,Yes,Yes,Yes,Two year,Yes,Electronic check,59.55,4103.9,No
256,Female,0,Yes,Yes,61,Yes,Yes,Fiber optic,Yes,Yes,Yes,Yes,Yes,Yes,Two year,No,Credit card (automatic),115.1,7008.15,No
257,Male,0,No,No,50,Yes,Yes,Fiber optic,Yes,Yes,Yes,Yes,Yes,Yes,One year,No,Credit card (automatic),114.35,5791.1,No
258,Female,0,Yes,No,2,Yes,No,DSL,No,No,No,No,No,No,Month-to-month,Yes,Credit card (automatic),44.6,80.55,Yes
259,Female,1,Yes,No,29,No,No phone service,DSL,Yes,No,Yes,No,No,Yes,Month-to-month,Yes,Electronic check,45.0,1228.65,No
260,Male,1,No,No,3,No,No phone service,DSL,No,No,Yes,No,No,Yes,Month-to-month,Yes,Electronic check,41.15,132.2,Yes
261,Male,1,No,No,13,Yes,Yes,Fiber optic,No,Yes,Yes,No,Yes,Yes,Month-to-month,Yes,Electronic check,106.9,1364.3,Yes
262,Male,1,Yes,No,57,Yes,Yes,Fiber optic,No,Yes,No,No,No,Yes,Month-to-month,Yes,Electronic check,89.85,4925.35,No
263,Female,0,No,No,31,No,No phone service,DSL,Yes,Yes,No,Yes,No,Yes,Two year,Yes,Bank transfer (automatic),49.85,1520.1,No
264,Female,0,Yes,No,45,Yes,Yes,Fiber optic,Yes,Yes,Yes,Yes,Yes,Yes,One year,No,Mailed check,113.3,5032.25,No
265,Female,0,Yes,Yes,61,Yes,Yes,DSL,Yes,Yes,Yes,Yes,Yes,Yes,Two year,No,Mailed check,88.1,5526.75,No
266,Male,0,No,No,50,Yes,Yes,No,No internet service,No internet service,No internet service,No internet service,No internet service,No internet service,Two year,No,Bank transfer (automatic),24.9,1195.25,No
267,Female,1,No,No,19,Yes,No,Fiber optic,Yes,Yes,No,Yes,Yes,Yes,Month-to-month,Yes,Mailed check,105.0,2007.25,No
268,Male,0,No,No,59,Yes,No,No,No internet service,No internet service,No internet service,No internet service,No internet service,No internet service,Two year,No,Mailed check,19.35,1099.6,Yes
269,Female,0,Yes,No,71,Yes,Yes,No,No internet service,No internet service,No internet service,No internet service,No internet service,No internet service,Two year,Yes,Credit card (automatic),24.25,1732.95,No
270,Female,1,No,No,16,Yes,No,Fiber optic,No,No,No,Yes,Yes,Yes,Month-to-month,Yes,Electronic check,94.45,1511.2,Yes
271,Male,0,Yes,No,57,Yes,No,DSL,Yes,Yes,No,Yes,No,No,Two year,Yes,Electronic check,59.75,3450.15,No
272,Male,0,No,No,1,No,No phone service,DSL,No,No,No,No,No,No,Month-to-month,No,Bank transfer (automatic),24.8,24.8,Yes
273,Male,1,Yes,No,20,Yes,Yes,Fiber optic,No,Yes,No,Yes,Yes,Yes,Month-to-month,No,Electronic check,107.05,2172.05,No
274,Male,0,No,No,1,Yes,No,Fiber optic,No,No,No,No,No,No,Month-to-month,No,Mailed check,70.6,70.6,Yes
275,Male,0,Yes,No,5,Yes,Yes,Fiber optic,No,Yes,No,Yes,No,No,Month-to-month,Yes,Electronic check,85.4,401.1,Yes
276,Female,0,Yes,No,52,Yes,Yes,Fiber optic,No,Yes,Yes,No,Yes,Yes,Month-to-month,Yes,Electronic check,105.05,5624.85,Yes
277,Male,1,Yes,No,21,Yes,No,DSL,Yes,Yes,No,No,No,Yes,Month-to-month,Yes,Bank transfer (automatic),64.95,1339.8,No
278,Male,0,No,No,14,No,No phone service,DSL,No,No,Yes,Yes,Yes,Yes,Month-to-month,Yes,Electronic check,55.0,771.95,No
279,Female,0,No,No,5,Yes,No,DSL,No,Yes,No,No,No,No,Month-to-month,No,Bank transfer (automatic),50.55,244.75,No
280,Female,0,No,No,6,Yes,No,DSL,Yes,Yes,No,No,No,No,Month-to-month,No,Mailed check,55.15,322.9,No
281,Female,0,No,No,10,Yes,No,DSL,No,Yes,No,No,No,No,Month-to-month,No,Electronic check,51.2,498.25,No
282,Female,0,No,Yes,1,Yes,Yes,No,No internet service,No internet service,No internet service,No internet service,No internet service,No internet service,Month-to-month,No,Mailed check,25.4,25.4,No
283,Female,0,No,No,68,Yes,Yes,DSL,Yes,No,No,No,No,No,Month-to-month,No,Mailed check,54.45,3687.75,No
284,Male,0,Yes,Yes,18,Yes,No,Fiber optic,No,No,Yes,No,Yes,Yes,Month-to-month,No,Mailed check,95.15,1779.95,Yes
285,Female,0,No,No,22,Yes,Yes,Fiber optic,No,No,No,No,No,No,One year,Yes,Credit card (automatic),76.0,1783.6,No
286,Female,0,No,No,20,Yes,No,DSL,No,No,No,No,No,No,Month-to-month,Yes,Electronic check,44.35,927.15,No
287,Male,0,Yes,No,1,Yes,No,Fiber optic,No,No,No,No,No,No,Month-to-month,No,Electronic check,70.0,70,Yes
288,Male,1,No,No,8,Yes,No,Fiber optic,No,Yes,No,No,No,No,Month-to-month,Yes,Electronic check,74.5,606.55,Yes
289,Male,0,No,No,10,Yes,No,DSL,No,No,No,No,No,No,Month-to-month,Yes,Credit card (automatic),44.85,435.4,Yes
290,Male,1,No,No,24,Yes,Yes,Fiber optic,No,No,No,No,No,No,Month-to-month,Yes,Electronic check,76.1,1712.7,Yes
291,Male,0,No,No,35,Yes,No,DSL,Yes,Yes,Yes,No,No,No,One year,No,Mailed check,61.2,2021.2,No
292,Male,0,Yes,Yes,23,Yes,No,Fiber optic,No,Yes,Yes,Yes,No,No,One year,No,Mailed check,86.8,1940.8,No
293,Female,1,No,No,6,Yes,No,Fiber optic,No,No,No,No,Yes,Yes,Month-to-month,Yes,Electronic check,89.35,567.8,No
294,Female,0,No,No,12,Yes,No,No,No internet service,No internet service,No internet service,No internet service,No internet service,No internet service,Month-to-month,No,Mailed check,19.7,220.35,No
295,Male,0,No,No,1,Yes,No,No,No internet service,No internet service,No internet service,No internet service,No internet service,No internet service,Month-to-month,No,Mailed check,20.25,20.25,No
296,Female,0,Yes,Yes,71,Yes,No,Fiber optic,No,No,Yes,No,No,No,Two year,No,Electronic check,76.05,5436.45,No
297,Male,1,Yes,No,35,Yes,Yes,Fiber optic,No,No,Yes,No,Yes,Yes,Month-to-month,Yes,Electronic check,100.8,3437.5,No
298,Male,0,Yes,Yes,40,Yes,Yes,DSL,No,No,Yes,No,Yes,Yes,Month-to-month,Yes,Electronic check,74.55,3015.75,No
299,Female,0,No,Yes,1,Yes,No,Fiber optic,Yes,No,No,No,No,No,Month-to-month,Yes,Mailed check,73.6,73.6,Yes
300,Male,0,No,No,23,Yes,No,DSL,No,No,No,No,Yes,Yes,One year,Yes,Bank transfer (automatic),64.9,1509.8,No
301,Female,1,No,No,4,Yes,Yes,Fiber optic,No,No,No,No,Yes,Yes,Month-to-month,Yes,Electronic check,95.45,396.1,Yes
302,Male,0,No,No,4,Yes,No,Fiber optic,No,No,Yes,Yes,No,Yes,Month-to-month,Yes,Electronic check,90.4,356.65,No
303,Female,0,Yes,Yes,68,No,No phone service,DSL,No,Yes,Yes,Yes,Yes,Yes,Two year,No,Credit card (automatic),60.3,4109,No
304,Male,0,No,Yes,38,Yes,Yes,Fiber optic,No,Yes,No,No,No,No,Month-to-month,Yes,Mailed check,81.85,3141.7,No
305,Male,0,Yes,Yes,52,Yes,Yes,No,No internet service,No internet service,No internet service,No internet service,No internet service,No internet service,Two year,No,Mailed check,24.8,1229.1,No
306,Male,1,Yes,No,32,Yes,Yes,Fiber optic,No,No,No,No,No,No,Month-to-month,Yes,Electronic check,74.9,2303.35,Yes
307,Male,0,Yes,Yes,29,Yes,No,DSL,No,No,Yes,Yes,Yes,Yes,Two year,No,Mailed check,75.55,2054.4,No
308,Male,1,Yes,Yes,38,Yes,Yes,Fiber optic,No,Yes,No,No,Yes,Yes,Month-to-month,No,Electronic check,101.15,3741.85,No
309,Male,0,No,Yes,48,Yes,Yes,DSL,Yes,No,Yes,No,Yes,Yes,One year,Yes,Credit card (automatic),78.75,3682.45,No
310,Female,0,No,No,1,Yes,No,No,No internet service,No internet service,No internet service,No internet service,No internet service,No internet service,Month-to-month,Yes,Bank transfer (automatic),19.25,19.25,No
311,Female,0,No,No,22,Yes,No,Fiber optic,Yes,No,No,Yes,No,Yes,Month-to-month,Yes,Electronic check,89.05,1886.25,No
312,Female,0,No,No,43,Yes,Yes,Fiber optic,Yes,Yes,Yes,Yes,Yes,Yes,Two year,No,Credit card (automatic),115.05,4895.1,No
313,Female,1,Yes,No,5,Yes,No,Fiber optic,No,No,No,No,No,No,Month-to-month,Yes,Electronic check,69.35,341.6,No
314,Male,0,No,No,5,Yes,No,Fiber optic,No,No,No,No,Yes,No,Month-to-month,Yes,Electronic check,80.6,415.55,Yes
315,Male,0,Yes,Yes,51,Yes,Yes,Fiber optic,Yes,Yes,No,Yes,Yes,Yes,One year,No,Credit card (automatic),110.05,5686.4,No
316,Male,0,No,No,71,Yes,No,No,No internet service,No internet service,No internet service,No internet service,No internet service,No internet service,Two year,Yes,Credit card (automatic),19.9,1355.1,No
317,Female,0,Yes,Yes,38,Yes,No,DSL,Yes,Yes,No,Yes,Yes,Yes,One year,No,Credit card (automatic),80.3,3058.65,Yes
318,Male,1,Yes,No,24,Yes,No,Fiber optic,No,No,Yes,No,Yes,Yes,Month-to-month,Yes,Electronic check,93.15,2231.05,Yes
319,Male,0,Yes,No,35,Yes,Yes,Fiber optic,No,No,No,Yes,Yes,No,Month-to-month,Yes,Credit card (automatic),91.5,3236.35,No
320,Female,1,No,No,54,Yes,Yes,DSL,Yes,Yes,No,Yes,Yes,Yes,One year,No,Bank transfer (automatic),82.45,4350.1,Yes
321,Female,0,Yes,Yes,72,No,No phone service,DSL,No,Yes,Yes,Yes,Yes,Yes,Two year,Yes,Electronic check,60.0,4264,No
322,Male,0,No,No,1,Yes,No,DSL,No,No,No,No,No,No,Month-to-month,Yes,Electronic check,44.8,44.8,No
323,Female,0,Yes,Yes,9,Yes,No,DSL,Yes,No,No,No,No,No,One year,No,Mailed check,48.6,422.3,No
324,Male,0,No,No,69,No,No phone service,DSL,Yes,Yes,No,Yes,Yes,Yes,Two year,Yes,Bank transfer (automatic),60.05,4176.7,No
325,Female,0,Yes,No,52,Yes,Yes,Fiber optic,No,Yes,No,Yes,Yes,Yes,Month-to-month,Yes,Credit card (automatic),102.7,5138.1,No
326,Female,1,Yes,No,11,Yes,No,Fiber optic,No,No,No,Yes,Yes,No,Month-to-month,Yes,Electronic check,82.9,880.05,No
327,Female,1,No,No,2,Yes,No,Fiber optic,No,No,No,No,No,No,Month-to-month,Yes,Electronic check,70.35,139.05,Yes
328,Female,1,Yes,Yes,28,No,No phone service,DSL,No,No,No,No,Yes,No,Month-to-month,Yes,Electronic check,35.9,973.65,No
329,Female,1,No,No,17,Yes,Yes,Fiber optic,No,No,Yes,No,No,No,Month-to-month,Yes,Credit card (automatic),82.65,1470.05,No
330,Female,0,Yes,Yes,35,Yes,No,No,No internet service,No internet service,No internet service,No internet service,No internet service,No internet service,Two year,Yes,Mailed check,19.85,739.35,No
331,Female,0,No,No,8,Yes,No,No,No internet service,No internet service,No internet service,No internet service,No internet service,No internet service,One year,Yes,Mailed check,19.2,161.95,No
332,Male,0,No,No,46,Yes,Yes,Fiber optic,No,Yes,Yes,No,Yes,No,One year,Yes,Credit card (automatic),94.9,4422.95,No
333,Female,0,No,No,7,Yes,Yes,Fiber optic,No,No,No,No,No,No,Month-to-month,Yes,Electronic check,73.85,511.25,Yes
334,Female,0,No,No,2,Yes,Yes,Fiber optic,No,No,Yes,No,No,No,Month-to-month,No,Mailed check,80.6,155.8,Yes
335,Male,0,Yes,Yes,68,Yes,Yes,DSL,No,Yes,Yes,Yes,No,Yes,One year,Yes,Bank transfer (automatic),75.8,5293.95,Yes
336,Female,0,No,No,43,Yes,Yes,Fiber optic,No,Yes,Yes,No,Yes,Yes,Two year,Yes,Electronic check,104.6,4759.85,Yes
337,Female,0,No,No,68,Yes,Yes,DSL,Yes,Yes,Yes,Yes,Yes,Yes,Two year,Yes,Electronic check,88.15,6148.45,No
338,Female,0,No,No,36,Yes,No,Fiber optic,No,Yes,No,No,Yes,Yes,Month-to-month,Yes,Credit card (automatic),94.8,3565.65,No
339,Male,0,Yes,No,63,Yes,Yes,Fiber optic,No,Yes,Yes,No,Yes,Yes,Month-to-month,Yes,Electronic check,103.4,6603,Yes
340,Female,1,No,No,32,Yes,No,DSL,No,Yes,No,Yes,No,No,Month-to-month,No,Bank transfer (automatic),54.65,1830.1,No
341,Female,0,Yes,No,71,Yes,Yes,DSL,Yes,Yes,Yes,Yes,Yes,Yes,Two year,No,Credit card (automatic),85.75,6223.8,No
342,Female,0,Yes,Yes,66,Yes,Yes,DSL,Yes,Yes,Yes,No,No,No,Month-to-month,Yes,Bank transfer (automatic),67.45,4508.65,No
343,Male,0,No,No,63,Yes,No,No,No internet service,No internet service,No internet service,No internet service,No internet service,No internet service,One year,No,Mailed check,20.5,1328.15,No
344,Female,0,No,Yes,41,Yes,No,No,No internet service,No internet service,No internet service,No internet service,No internet service,No internet service,One year,Yes,Credit card (automatic),20.25,865,No
345,Female,1,No,No,1,Yes,Yes,Fiber optic,No,No,No,No,No,No,Month-to-month,Yes,Electronic check,72.1,72.1,No
346,Female,0,No,No,2,Yes,No,Fiber optic,No,No,No,No,Yes,Yes,Month-to-month,Yes,Electronic check,90.4,168.2,Yes
347,Female,0,Yes,No,70,Yes,No,No,No internet service,No internet service,No internet service,No internet service,No internet service,No internet service,Two year,No,Bank transfer (automatic),19.45,1303.5,No
348,Female,0,No,No,23,No,No phone service,DSL,No,No,No,No,Yes,Yes,Month-to-month,Yes,Electronic check,44.95,996.85,No
349,Female,1,Yes,No,64,Yes,No,Fiber optic,Yes,Yes,Yes,No,No,Yes,One year,No,Bank transfer (automatic),97.0,6430.9,No
350,Male,0,Yes,Yes,37,Yes,Yes,DSL,Yes,No,Yes,Yes,No,No,Two year,Yes,Credit card (automatic),62.8,2278.75,No
351,Male,0,No,Yes,17,Yes,No,DSL,No,No,No,No,No,No,One year,No,Mailed check,44.6,681.4,No
352,Female,1,No,No,7,Yes,No,Fiber optic,No,No,No,No,Yes,Yes,Month-to-month,Yes,Electronic check,89.15,574.35,No
353,Male,0,Yes,Yes,4,Yes,Yes,Fiber optic,No,Yes,Yes,No,No,No,Month-to-month,Yes,Bank transfer (automatic),84.8,371.9,Yes
354,Female,1,No,No,21,No,No phone service,DSL,Yes,No,No,No,Yes,No,Month-to-month,Yes,Electronic check,41.9,840.1,Yes
355,Female,0,No,No,10,Yes,No,Fiber optic,No,No,No,No,No,Yes,Month-to-month,Yes,Bank transfer (automatic),80.25,846,Yes
356,Female,1,No,No,16,Yes,Yes,DSL,Yes,No,No,No,No,No,Month-to-month,Yes,Electronic check,54.1,889,No
357,Male,0,Yes,No,64,Yes,Yes,Fiber optic,No,Yes,No,Yes,Yes,Yes,Two year,Yes,Electronic check,105.25,6823.4,No
358,Male,1,Yes,No,27,No,No phone service,DSL,Yes,No,No,No,No,No,Month-to-month,No,Credit card (automatic),30.75,805.1,Yes
359,Male,0,Yes,Yes,42,Yes,Yes,Fiber optic,Yes,No,No,No,Yes,Yes,One year,No,Electronic check,97.1,4016.75,No
360,Male,0,No,Yes,5,Yes,No,No,No internet service,No internet service,No internet service,No internet service,No internet service,No internet service,Month-to-month,No,Mailed check,20.2,83.75,No
361,Female,0,No,No,41,Yes,No,Fiber optic,No,Yes,No,Yes,Yes,Yes,Two year,Yes,Bank transfer (automatic),98.8,3959.15,No
362,Male,0,Yes,No,58,Yes,No,DSL,No,No,Yes,No,No,No,One year,No,Credit card (automatic),50.3,2878.55,No
363,Female,0,No,No,47,Yes,No,No,No internet service,No internet service,No internet service,No internet service,No internet service,No internet service,Two year,Yes,Mailed check,20.55,945.7,No
364,Male,0,No,No,18,Yes,No,Fiber optic,No,No,No,Yes,No,No,Month-to-month,Yes,Bank transfer (automatic),75.9,1373.05,No
365,Male,0,No,No,5,Yes,No,Fiber optic,No,No,Yes,No,Yes,Yes,Month-to-month,No,Bank transfer (automatic),96.5,492.55,Yes
366,Male,0,Yes,No,23,Yes,No,DSL,Yes,No,No,No,No,Yes,Month-to-month,Yes,Bank transfer (automatic),59.95,1406,No
367,Female,0,No,No,1,Yes,No,No,No internet service,No internet service,No internet service,No internet service,No internet service,No internet service,Month-to-month,No,Mailed check,19.15,19.15,No
368,Male,0,Yes,No,71,Yes,Yes,Fiber optic,No,No,Yes,No,Yes,Yes,One year,Yes,Credit card (automatic),98.65,6962.85,No
369,Male,0,Yes,Yes,72,Yes,Yes,Fiber optic,Yes,Yes,Yes,Yes,Yes,Yes,Two year,Yes,Credit card (automatic),112.6,8126.65,No
370,Male,0,Yes,Yes,33,Yes,No,No,No internet service,No internet service,No internet service,No internet service,No internet service,No internet service,One year,No,Mailed check,20.6,690.25,No
371,Male,0,No,No,2,Yes,Yes,Fiber optic,No,No,No,No,Yes,No,Month-to-month,Yes,Electronic check,85.65,181.5,Yes
372,Male,0,No,Yes,24,No,No phone service,DSL,Yes,No,No,Yes,No,No,Two year,No,Mailed check,35.75,830.8,No
373,Female,0,Yes,Yes,56,Yes,Yes,Fiber optic,No,Yes,Yes,Yes,No,Yes,One year,Yes,Credit card (automatic),99.75,5608.4,No
374,Male,0,No,No,37,Yes,No,Fiber optic,No,Yes,No,No,Yes,Yes,Month-to-month,Yes,Credit card (automatic),96.1,3646.8,No
375,Female,0,No,No,43,Yes,Yes,DSL,No,Yes,Yes,Yes,Yes,Yes,One year,No,Credit card (automatic),85.1,3662.25,No
376,Male,0,No,No,1,No,No phone service,DSL,No,No,No,No,No,No,Month-to-month,No,Mailed check,25.35,25.35,No
377,Female,0,Yes,No,25,Yes,Yes,Fiber optic,No,No,Yes,Yes,Yes,Yes,Month-to-month,Yes,Bank transfer (automatic),104.95,2566.5,Yes
378,Female,0,No,No,61,Yes,Yes,DSL,Yes,Yes,Yes,Yes,Yes,Yes,Two year,No,Electronic check,89.65,5308.7,No
379,Male,0,No,No,17,Yes,Yes,Fiber optic,No,No,Yes,Yes,No,No,One year,No,Electronic check,86.75,1410.25,No
380,Female,0,Yes,No,41,Yes,No,Fiber optic,No,Yes,Yes,Yes,No,No,One year,Yes,Bank transfer (automatic),86.2,3339.05,No
381,Male,0,No,No,1,Yes,No,DSL,No,Yes,No,No,No,No,Month-to-month,No,Mailed check,50.65,50.65,Yes
382,Male,1,Yes,Yes,72,No,No phone service,DSL,Yes,Yes,Yes,Yes,Yes,Yes,Two year,Yes,Bank transfer (automatic),64.8,4732.35,No
383,Male,0,No,No,1,Yes,Yes,Fiber optic,No,Yes,No,No,No,Yes,Month-to-month,Yes,Credit card (automatic),90.85,90.85,Yes
384,Male,0,No,No,48,Yes,Yes,Fiber optic,No,Yes,Yes,No,Yes,Yes,Two year,Yes,Bank transfer (automatic),108.1,5067.45,No
385,Male,1,Yes,No,11,Yes,No,No,No internet service,No internet service,No internet service,No internet service,No internet service,No internet service,Month-to-month,No,Mailed check,19.95,214.75,Yes
386,Female,1,Yes,No,55,Yes,Yes,Fiber optic,No,Yes,Yes,No,No,No,Month-to-month,Yes,Electronic check,85.45,4874.7,Yes
387,Female,0,No,No,42,No,No phone service,DSL,Yes,Yes,Yes,Yes,No,Yes,One year,Yes,Electronic check,54.75,2348.45,No
388,Male,0,No,No,44,Yes,Yes,Fiber optic,No,No,Yes,No,No,Yes,Month-to-month,Yes,Mailed check,90.4,4063,No
389,Male,0,No,Yes,1,Yes,No,DSL,No,No,No,No,No,No,Month-to-month,No,Electronic check,44.0,44,No
390,Female,0,No,No,27,Yes,Yes,Fiber optic,No,No,No,No,Yes,Yes,Month-to-month,Yes,Bank transfer (automatic),95.6,2595.25,No
391,Male,1,Yes,No,27,Yes,Yes,DSL,No,Yes,Yes,Yes,Yes,Yes,Month-to-month,Yes,Bank transfer (automatic),84.8,2309.55,No
392,Female,1,No,No,2,Yes,No,DSL,No,No,No,No,No,No,Month-to-month,Yes,Electronic check,44.3,89.3,No
393,Female,0,No,No,19,Yes,No,No,No internet service,No internet service,No internet service,No internet service,No internet service,No internet service,Month-to-month,No,Mailed check,19.9,367.55,No
394,Female,1,Yes,No,42,Yes,Yes,Fiber optic,No,No,No,No,Yes,Yes,Month-to-month,Yes,Electronic check,95.05,3944.5,No
395,Female,0,No,No,66,Yes,Yes,DSL,Yes,Yes,Yes,Yes,Yes,Yes,Two year,Yes,Credit card (automatic),90.05,5965.95,No
396,Male,1,Yes,No,33,Yes,Yes,Fiber optic,Yes,No,Yes,Yes,Yes,Yes,Month-to-month,Yes,Bank transfer (automatic),109.9,3694.7,No
397,Female,0,No,No,34,Yes,No,Fiber optic,No,Yes,No,No,No,No,Month-to-month,Yes,Credit card (automatic),73.95,2524.45,Yes
398,Male,1,No,No,33,No,No phone service,DSL,No,No,Yes,Yes,Yes,Yes,Month-to-month,Yes,Electronic check,54.6,1803.7,No
399,Female,0,Yes,Yes,23,Yes,No,No,No internet service,No internet service,No internet service,No internet service,No internet service,No internet service,One year,No,Mailed check,20.05,415.1,No
400,Female,0,No,No,32,Yes,No,No,No internet service,No internet service,No internet service,No internet service,No internet service,No internet service,One year,No,Bank transfer (automatic),19.75,624.15,No
401,Female,0,No,No,11,Yes,No,No,No internet service,No internet service,No internet service,No internet service,No internet service,No internet service,One year,No,Credit card (automatic),20.05,237.7,No
402,Male,0,Yes,Yes,69,Yes,Yes,Fiber optic,No,No,Yes,No,Yes,Yes,Month-to-month,Yes,Credit card (automatic),99.45,7007.6,Yes
403,Female,0,Yes,No,68,Yes,No,DSL,Yes,No,No,Yes,No,No,One year,No,Bank transfer (automatic),55.9,3848.8,No
404,Male,0,No,No,20,Yes,No,No,No internet service,No internet service,No internet service,No internet service,No internet service,No internet service,Two year,Yes,Mailed check,19.7,419.4,No
405,Male,0,No,No,72,Yes,No,No,No internet service,No internet service,No internet service,No internet service,No internet service,No internet service,Two year,Yes,Credit card (automatic),19.8,1468.75,No
406,Male,0,Yes,Yes,60,Yes,Yes,Fiber optic,Yes,No,Yes,No,Yes,No,One year,Yes,Bank transfer (automatic),95.4,5812,No
407,Male,1,Yes,Yes,32,Yes,No,Fiber optic,No,Yes,No,No,Yes,Yes,Month-to-month,Yes,Mailed check,93.95,2861.45,No
408,Female,0,No,No,1,Yes,No,No,No internet service,No internet service,No internet service,No internet service,No internet service,No internet service,Month-to-month,Yes,Mailed check,19.9,19.9,Yes
409,Male,0,No,No,1,Yes,No,No,No internet service,No internet service,No internet service,No internet service,No internet service,No internet service,Month-to-month,Yes,Mailed check,19.6,19.6,Yes
410,Male,1,No,No,3,Yes,Yes,Fiber optic,No,Yes,No,No,No,No,Month-to-month,Yes,Electronic check,81.35,233.7,Yes
411,Female,0,Yes,No,46,Yes,Yes,No,No internet service,No internet service,No internet service,No internet service,No internet service,No internet service,One year,Yes,Bank transfer (automatic),24.45,1066.15,No
412,Female,0,Yes,No,29,Yes,Yes,Fiber optic,No,No,No,No,No,No,Month-to-month,Yes,Electronic check,74.95,2149.05,No
413,Male,0,No,No,51,Yes,Yes,Fiber optic,No,Yes,Yes,Yes,No,No,Month-to-month,Yes,Electronic check,87.35,4473,No
414,Female,1,Yes,No,48,Yes,No,Fiber optic,No,No,No,No,No,No,Month-to-month,Yes,Bank transfer (automatic),70.65,3545.05,No
415,Female,0,Yes,Yes,16,Yes,No,Fiber optic,No,Yes,No,No,No,No,Month-to-month,No,Bank transfer (automatic),73.25,1195.75,No
416,Male,0,Yes,No,70,Yes,Yes,Fiber optic,No,Yes,Yes,Yes,No,Yes,Two year,Yes,Bank transfer (automatic),98.7,6858.9,No
417,Female,0,Yes,Yes,40,Yes,Yes,No,No internet service,No internet service,No internet service,No internet service,No internet service,No internet service,Two year,Yes,Mailed check,24.8,1024.7,No
418,Female,0,Yes,Yes,22,Yes,No,Fiber optic,No,Yes,No,No,No,Yes,Month-to-month,No,Electronic check,83.3,1845.9,Yes
419,Female,1,No,No,1,Yes,No,Fiber optic,No,No,Yes,No,No,No,Month-to-month,Yes,Bank transfer (automatic),75.3,75.3,Yes
420,Female,0,Yes,Yes,5,Yes,Yes,No,No internet service,No internet service,No internet service,No internet service,No internet service,No internet service,Month-to-month,Yes,Mailed check,24.3,132.25,No
421,Female,0,No,No,7,Yes,No,Fiber optic,No,No,No,No,No,No,Month-to-month,Yes,Bank transfer (automatic),69.85,515.45,No
422,Male,0,No,Yes,29,Yes,Yes,Fiber optic,No,Yes,Yes,Yes,No,Yes,One year,No,Credit card (automatic),100.55,2830.45,No
423,Male,0,Yes,Yes,44,Yes,Yes,No,No internet service,No internet service,No internet service,No internet service,No internet service,No internet service,One year,No,Mailed check,25.7,1110.5,No
424,Female,0,No,No,10,No,No phone service,DSL,Yes,Yes,Yes,No,No,No,Month-to-month,No,Bank transfer (automatic),40.7,449.3,No
425,Female,1,Yes,No,55,Yes,Yes,DSL,No,No,No,No,No,No,Month-to-month,No,Bank transfer (automatic),51.65,2838.55,No
426,Male,1,Yes,No,52,Yes,Yes,Fiber optic,No,Yes,Yes,No,Yes,Yes,One year,Yes,Bank transfer (automatic),105.1,5376.4,No
427,Female,0,Yes,Yes,10,Yes,Yes,Fiber optic,No,No,No,No,No,Yes,Month-to-month,No,Electronic check,85.95,858.6,No
428,Male,0,No,No,18,Yes,Yes,Fiber optic,No,No,No,No,No,No,Month-to-month,Yes,Bank transfer (automatic),75.6,1395.05,No
429,Female,0,Yes,No,68,Yes,Yes,DSL,Yes,No,No,Yes,No,No,One year,No,Bank transfer (automatic),58.25,3975.7,No
430,Female,0,Yes,Yes,61,Yes,No,No,No internet service,No internet service,No internet service,No internet service,No internet service,No internet service,Month-to-month,Yes,Mailed check,19.4,1182.55,Yes
431,Female,0,Yes,Yes,72,No,No phone service,DSL,Yes,Yes,Yes,Yes,Yes,Yes,Two year,Yes,Credit card (automatic),65.2,4784.45,No
432,Male,0,No,No,2,Yes,No,DSL,Yes,No,Yes,No,No,No,Month-to-month,No,Electronic check,53.45,119.5,No
433,Male,0,No,No,12,Yes,No,DSL,No,No,No,No,No,No,Month-to-month,Yes,Bank transfer (automatic),45.4,518.9,Yes
434,Male,0,Yes,No,41,Yes,No,No,No internet service,No internet service,No internet service,No internet service,No internet service,No internet service,Two year,Yes,Electronic check,19.75,899.45,No
435,Female,0,No,No,26,No,No phone service,DSL,No,No,Yes,Yes,Yes,No,Month-to-month,Yes,Credit card (automatic),44.45,1183.8,No
436,Male,0,Yes,No,36,Yes,No,No,No internet service,No internet service,No internet service,No internet service,No internet service,No internet service,One year,No,Bank transfer (automatic),20.85,720.05,No
437,Male,0,Yes,Yes,72,Yes,Yes,Fiber optic,Yes,Yes,Yes,Yes,Yes,Yes,Two year,Yes,Credit card (automatic),114.05,8468.2,No
438,Male,0,Yes,No,35,Yes,Yes,Fiber optic,No,No,No,Yes,No,Yes,Month-to-month,Yes,Bank transfer (automatic),89.85,3161.2,No
439,Male,0,No,No,1,Yes,No,DSL,No,No,Yes,Yes,No,No,Month-to-month,No,Mailed check,55.05,55.05,No
440,Female,0,Yes,Yes,16,Yes,Yes,Fiber optic,Yes,No,Yes,Yes,Yes,Yes,Month-to-month,Yes,Electronic check,112.95,1882.55,No
441,Female,1,No,No,49,Yes,Yes,Fiber optic,Yes,No,No,No,Yes,Yes,Month-to-month,No,Credit card (automatic),101.55,5070.4,No
442,Female,0,Yes,No,54,Yes,Yes,Fiber optic,Yes,Yes,Yes,Yes,Yes,Yes,One year,Yes,Mailed check,114.65,6049.5,No
443,Female,0,No,Yes,18,Yes,Yes,DSL,Yes,No,No,No,No,Yes,Month-to-month,No,Electronic check,64.8,1166.7,No
444,Female,0,Yes,No,36,Yes,No,Fiber optic,No,No,No,No,No,Yes,Month-to-month,No,Electronic check,80.4,2937.65,No
445,Female,0,No,No,60,Yes,Yes,Fiber optic,No,Yes,Yes,No,Yes,Yes,Month-to-month,Yes,Electronic check,105.9,6396.45,Yes
446,Female,0,No,No,1,Yes,No,Fiber optic,No,No,No,No,No,No,Month-to-month,No,Mailed check,69.55,69.55,Yes
447,Female,0,Yes,Yes,52,Yes,Yes,No,No internet service,No internet service,No internet service,No internet service,No internet service,No internet service,Two year,Yes,Bank transfer (automatic),25.05,1270.25,No
448,Male,0,Yes,Yes,8,Yes,No,Fiber optic,No,No,Yes,No,Yes,Yes,Month-to-month,Yes,Electronic check,94.75,759.55,No
449,Male,0,Yes,Yes,72,Yes,No,Fiber optic,Yes,Yes,No,Yes,Yes,Yes,Two year,No,Bank transfer (automatic),105.5,7611.55,No
450,Female,0,No,No,64,Yes,Yes,No,No internet service,No internet service,No internet service,No internet service,No internet service,No internet service,One year,No,Mailed check,24.7,1642.75,No
451,Female,1,No,No,22,Yes,No,DSL,Yes,No,Yes,Yes,No,Yes,Month-to-month,Yes,Mailed check,69.75,1545.4,No
452,Male,0,Yes,No,60,No,No phone service,DSL,No,Yes,Yes,Yes,Yes,Yes,Month-to-month,Yes,Bank transfer (automatic),60.2,3582.4,No
453,Female,0,Yes,Yes,28,Yes,No,Fiber optic,No,No,No,No,No,Yes,Month-to-month,Yes,Electronic check,81.05,2227.1,Yes
454,Female,0,Yes,No,61,Yes,Yes,No,No internet service,No internet service,No internet service,No internet service,No internet service,No internet service,Two year,No,Mailed check,24.4,1417.9,No
455,Female,0,No,No,24,Yes,Yes,Fiber optic,No,Yes,Yes,No,Yes,Yes,Month-to-month,Yes,Electronic check,104.15,2494.65,No
456,Male,0,Yes,Yes,28,Yes,No,Fiber optic,No,Yes,Yes,Yes,Yes,No,One year,No,Bank transfer (automatic),92.9,2768.35,No
457,Female,0,Yes,Yes,30,Yes,No,DSL,No,Yes,Yes,Yes,Yes,Yes,Two year,No,Bank transfer (automatic),80.8,2369.3,No
458,Male,0,Yes,No,2,Yes,No,No,No internet service,No internet service,No internet service,No internet service,No internet service,No internet service,Month-to-month,No,Mailed check,20.0,38,No
459,Male,0,No,No,1,Yes,Yes,Fiber optic,No,No,No,No,No,No,Month-to-month,Yes,Electronic check,75.1,75.1,No
460,Male,0,No,Yes,6,Yes,No,No,No internet service,No internet service,No internet service,No internet service,No internet service,No internet service,Month-to-month,No,Mailed check,19.65,100.9,No
461,Female,0,Yes,No,24,Yes,No,DSL,No,Yes,No,No,Yes,Yes,Month-to-month,Yes,Bank transfer (automatic),69.45,1614.05,No
462,Male,0,Yes,Yes,4,Yes,Yes,Fiber optic,No,No,Yes,No,Yes,Yes,Month-to-month,No,Electronic check,101.15,385.9,Yes
463,Male,0,No,No,7,Yes,Yes,Fiber optic,No,Yes,No,No,Yes,Yes,Month-to-month,Yes,Electronic check,99.8,673.25,Yes
464,Male,1,Yes,No,72,Yes,Yes,Fiber optic,Yes,Yes,Yes,Yes,Yes,Yes,Two year,Yes,Bank transfer (automatic),116.05,8404.9,No
465,Male,0,No,No,70,No,No phone service,DSL,No,No,No,Yes,No,Yes,Two year,Yes,Mailed check,40.05,2799.75,No
466,Male,1,Yes,No,64,Yes,Yes,Fiber optic,No,No,Yes,Yes,Yes,Yes,Two year,No,Electronic check,102.1,6538.45,No
467,Male,0,Yes,Yes,72,Yes,Yes,Fiber optic,No,Yes,No,No,Yes,No,One year,Yes,Electronic check,89.7,6588.95,No
468,Female,0,No,Yes,44,Yes,No,No,No internet service,No internet service,No internet service,No internet service,No internet service,No internet service,Two year,No,Mailed check,19.9,868.1,No
469,Female,0,Yes,Yes,13,Yes,No,DSL,No,No,No,No,No,Yes,Month-to-month,No,Electronic check,55.95,734.35,Yes
470,Female,1,No,No,17,Yes,No,No,No internet service,No internet service,No internet service,No internet service,No internet service,No internet service,One year,No,Mailed check,20.65,330.6,No
471,Male,0,No,No,1,Yes,No,DSL,No,No,No,No,No,Yes,Month-to-month,Yes,Electronic check,55.0,55,Yes
472,Male,0,Yes,No,9,Yes,No,DSL,No,No,Yes,No,Yes,Yes,Month-to-month,Yes,Mailed check,70.05,564.4,No
473,Male,0,Yes,No,24,Yes,No,DSL,Yes,No,No,Yes,No,No,Month-to-month,No,Mailed check,53.6,1315.35,No
474,Female,0,Yes,Yes,1,Yes,No,Fiber optic,No,Yes,No,No,No,No,Month-to-month,Yes,Electronic check,74.7,74.7,Yes
475,Male,0,No,No,24,Yes,Yes,Fiber optic,No,Yes,No,No,No,No,Month-to-month,Yes,Electronic check,80.25,1861.5,Yes
476,Male,1,Yes,Yes,35,Yes,No,DSL,No,Yes,No,Yes,Yes,Yes,Month-to-month,Yes,Electronic check,76.05,2747.2,No
477,Female,0,Yes,Yes,7,Yes,No,DSL,Yes,Yes,Yes,Yes,Yes,No,Month-to-month,Yes,Electronic check,75.7,554.05,No
478,Male,0,No,No,5,Yes,No,Fiber optic,No,No,No,Yes,Yes,Yes,Month-to-month,Yes,Electronic check,96.1,453.4,Yes
479,Female,0,No,Yes,15,Yes,No,Fiber optic,No,No,No,No,No,No,Month-to-month,No,Bank transfer (automatic),69.0,994.8,Yes
480,Male,0,Yes,Yes,11,Yes,No,No,No internet service,No internet service,No internet service,No internet service,No internet service,No internet service,Two year,No,Mailed check,19.65,225.75,No
481,Female,0,Yes,No,48,No,No phone service,DSL,Yes,No,Yes,No,No,Yes,Month-to-month,Yes,Bank transfer (automatic),45.3,2145,Yes
482,Female,1,No,No,20,Yes,No,Fiber optic,No,No,No,No,No,Yes,Month-to-month,Yes,Electronic check,81.45,1671.6,No
483,Female,0,Yes,No,72,Yes,Yes,Fiber optic,No,Yes,Yes,Yes,Yes,Yes,One year,Yes,Bank transfer (automatic),108.5,8003.8,No
484,Female,0,Yes,Yes,8,Yes,No,Fiber optic,No,Yes,No,No,Yes,No,Month-to-month,Yes,Electronic check,83.55,680.05,Yes
485,Male,0,Yes,Yes,72,Yes,Yes,Fiber optic,No,No,No,No,No,Yes,Two year,Yes,Credit card (automatic),84.5,6130.85,No
486,Female,0,No,No,15,Yes,Yes,Fiber optic,No,Yes,No,No,Yes,Yes,Month-to-month,Yes,Electronic check,100.15,1415,No
487,Male,0,No,No,72,Yes,Yes,DSL,No,Yes,Yes,Yes,Yes,Yes,Two year,Yes,Bank transfer (automatic),88.6,6201.95,No
488,Female,0,Yes,Yes,0,No,No phone service,DSL,Yes,No,Yes,Yes,Yes,No,Two year,Yes,Bank transfer (automatic),52.55, ,No
489,Male,0,No,Yes,1,Yes,Yes,Fiber optic,No,No,No,No,No,No,Month-to-month,Yes,Electronic check,74.35,74.35,Yes
490,Male,0,Yes,Yes,63,Yes,Yes,Fiber optic,No,Yes,Yes,No,Yes,Yes,Two year,Yes,Bank transfer (automatic),104.8,6597.25,No
491,Female,0,No,No,2,Yes,No,DSL,No,Yes,No,No,Yes,No,Month-to-month,Yes,Electronic check,59.0,114.15,No
492,Female,0,Yes,No,2,Yes,No,Fiber optic,Yes,No,No,No,No,No,Month-to-month,Yes,Electronic check,74.4,139.4,Yes
493,Male,1,Yes,No,61,Yes,Yes,DSL,No,Yes,No,No,No,Yes,One year,No,Bank transfer (automatic),64.05,3902.6,No
494,Male,0,No,No,1,Yes,No,No,No internet service,No internet service,No internet service,No internet service,No internet service,No internet service,Month-to-month,No,Mailed check,20.4,20.4,No
495,Male,0,No,No,22,No,No phone service,DSL,No,Yes,Yes,No,No,Yes,One year,Yes,Bank transfer (automatic),43.75,903.6,Yes
496,Male,0,Yes,No,28,Yes,No,DSL,Yes,Yes,No,Yes,No,No,Month-to-month,No,Mailed check,60.9,1785.65,No
497,Female,0,Yes,No,70,Yes,No,No,No internet service,No internet service,No internet service,No internet service,No internet service,No internet service,Two year,No,Bank transfer (automatic),19.8,1397.65,No
498,Female,1,No,No,5,No,No phone service,DSL,No,Yes,No,No,No,No,Month-to-month,No,Electronic check,28.45,131.05,Yes
499,Female,0,No,No,12,Yes,Yes,Fiber optic,Yes,Yes,Yes,No,No,Yes,Month-to-month,Yes,Bank transfer (automatic),99.7,1238.45,Yes
500,Male,0,No,No,34,Yes,Yes,Fiber optic,Yes,Yes,Yes,Yes,Yes,Yes,One year,No,Credit card (automatic),116.25,3899.05,No
